NAME,TYPE,Rah,_m,_s,RA,DEd,_m_,s,Dec,GLON,GLAT,Pos,e_Pos,Opt,r_Opt,A,Vmag,B,Vmag1,u_vm,ag,B-V,u_B-V,C,D,E,U-B,F,G,r_Fx,H,porb,r_Ppu,lse,cat,Name3
0042+323,T,0,44,50.4,0:44:50.4,33,1,17,33:1:17,121.3,-29.8,x,60,*3,[168,],19.3,NaN,0.6,NaN,NaN,0.2,,[168,],<,0.5,-,55,[103,],,NaN,NaN,"U,M,A,AS,R,B,X",XN Per 1992
J0422+32,T,4,18,29.9,4:18:29.9,32,47,24,32:47:24,197.3,-11.9,"o,r",,,,,13.2,,0.3,-0.5,,-0.23,0.4,"[1151,1158,1159",],,3000,,(20-300keV),"[433,991",],5.1,"[125,150,664,",980],"C,Gr,R,K,AS,X",
0512-401,GB,5,14,6.6,5:14:6.6,-40,2,37,-40:2:37,244.5,-35,x,2,NGC1851,[475,],,,,,,0.1,:,[2,],,3,-,6,"[124,999,1366",],,,,"U,M,A,H,G,Exo",
0521-720,Z?,5,20,29.2,5:20:29.2,-71,57,36,-71:57:36,283.1,-32.7,o,3,*22,[637,],18,-19,0,-0.8,,0.1,,"[121,260,778",],,9,-,44,[103,],8.16,"[121,1173",],"U,M,A,H,X,R",LMC X-2
J0532.7-6926,,5,32,42.8,5:32:42.8,-69,26,18,-69:26:18,279.9,-32.1,x,3.9,,,,,,,,,,,,,,0.5,,,[484,],,,,R,
0614+091,AB,6,17,7.3,6:17:7.3,9,8,13,9:8:13,200.9,-3.4,o,,V1055 Ori,"[323,447",],18.5,,0.3,-0.5,,0.3,,[287,],,50,,,"[1399,1448",],,,,"U,M,A,H,S,Gr,E,Exo,X,B",
0620-003,TU,6,22,44.5,6:22:44.5,0,20,45,0:20:45,210,-6.5,o,,V616 Mon,"[331,447",],11.2,,0.2,-0.8,,0.4,,[1407,],<,0.02,-,50000,"[774,1407",],7.75,[857,],"A,S,R",N Mon 1975
0656-072,T,6,58,27,6:58:27,-7,15,50,-7:15:50,220.2,-1.7,x,180,,,,,,,,,,,,,,20,-,80,"[143,215,656",],,,,A,
0748-676,TBD,7,48,33.8,7:48:33.8,-67,45,9,-67:45:9,280,-19.3,o,,UY Vol,[1262,],16.9,-17.5,0.1,-0.9,,0.42,,"[1125,1128",],,0.1,-,60,[443,],3.82,"[998,1001",],"Exo,AS,R,G,X",
J0835.9+5118,TB,8,35,56,8:35:56,51,18,36,51:18:36,167.5,36.9,x,180,,,,,,,,,,,,,<,6,,,[399,],,,,B,
0836-429,TB,8,37,23,8:37:23,-42,53,9,-42:53:9,261.9,-1.1,x,60,,[72,],,,,,,,,,,,1,-,55,"[230,511,794",],,,,"U,M,Gr,G,R",
0918-549,,9,20,26.8,9:20:26.8,-55,12,24,-55:12:24,275.9,-3.8,x,5,*X,[187,],21,,0.3,-0.9,,0.3,,"[187,1348",],,10,,,[187,],,,,"U,M,A,H,S",
0921-630,D,9,22,34.7,9:22:34.7,-63,17,42,-63:17:42,281.8,-9.3,o,,V395 Car,[760,],15.3,,0.6,-0.5,,0.2,,"[113,186,847,1348",],,3,,,"[760,847",],216.2,"[846,847",],"A,S,Exo",
1009-45,TU,10,13,36,10:13:36,-45,4,35,-45:4:35,275.4,9.4,o,,*1,"[306,1140",],14.71,,0.13,,,0.2,,[306,],,800,,(1-10keV),[1263,],,,,"C, AS, Gr",XN Vel 1993
J1118+480,TA?,11,18,10.85,11:18:10.85,48,2,12.9,48:2:12.9,157.6,62.3,o,0.2,*1,[1312,],12.25,-18.8,,,<,0.024,,"[410,1312",],,40,,(2-12keV),[1084,],4.1,"[232,1312",],"AS,X,C",
1124-684,TU,11,26,26.7,11:26:26.7,-68,40,33,-68:40:33,295,-6.1,o,,,[303,],13.6,,0.3,,,0.25,,"[303,435",],<,4,-,3000,"[1235,1241",],10.4,"[27,867,1075",],"Gr,G,C",N Mus 1991
1254-690,BD,12,57,37.2,12:57:37.2,-69,17,21,-69:17:21,303.5,-6.4,o,,GR Mus,[463,],19.1,,0.3,,,0.35,,[927,],,25,,,[247,],3.93,"[247,927",],"U,M,A,H,S,X,G",
1323-619,BD,13,26,36.1,13:26:36.1,-62,8,10,-62:8:10,307.1,0.2,x,3,,[1000,],,,,,~,5,:,[1000,],,7,,,"[1000,1399",],2.93,[1000,],"U,M,A,B",
1354-645,TU,13,58,9.7,13:58:9.7,-64,44,5,-64:44:5,310,-2.8,o,,BW Cir,[678,],16.9,,1.1,-0.1,~,1,:,[678,],,5,-,120,"[678,1135",],,,,"M,G,X",Cen X-2      ?
1455-314,TB,14,58,22,14:58:22,-31,40,8,-31:40:8,332.2,23.9,o,,V822 Cen,[141,],12.8,,0.05,-0.9,,0.1,,"[84,141",],,0.1,-,20000,"[231,1350",],15.1,"[196,254,858",],"V,A,Ha,AS,B,R",Cen X-4
1516-569,TBA,15,20,40.9,15:20:40.9,-57,10,1,-57:10:1,322.1,0,r,,BR Cir,[916,],21.4,,,,>,1,,"[916,1216",],,5,-,3000,[103,],398.4,[655,],"U,M,A,H,S,AS,X",Cir X-1
1524-617,TU,15,28,17.2,15:28:17.2,-61,52,58,-61:52:58,320.3,-4.4,o,3,KY TrA,[940,],,,,,,0.7,,[940,],<,5,-,950,[103,],,,,"A,S,R.Gr","TrA X-1       , *N"
1543-475,TU,15,47,8.6,15:47:8.6,-47,40,10,-47:40:10,330.9,54,o,,star,[183,],14.9,,0.6,,,0.7,,"[1025,1340",],<,1,-,15000,"[103,676",],26.95,[984,],"U,M,T,C",
1543-624,,15,47,54.8,15:47:54.8,-62,34,5,-62:34:5,321.8,-6.3,o,,*6,[8,],,,,,,0.5,,[860,],,35,,,[1399,],,,,"U,M,A,H,S,Exo",
J1550-564,T,15,50,58.78,15:50:58.78,-56,28,35,-56:28:35,325.9,-1.8,o,2,,[630,],16.6,-21.4,1.35,,,-0.7,1.6,"[629,630,1114",],,600,-,7000,"[272,1080",],36.96,[631,],"X,AS,C",
1556-605,,16,1,2.3,16:1:2.3,-60,44,17,-60:44:17,324.1,-5.9,o,,LU TrA,[928,],18.6,-19.2,0.45,-0.7,,0.6,,"[928,1127",],,16,,,"[928,1399",],9.1          :,[1170,],"U,M,A,H,S",*X
1603.6+2600,,16,5,45.8,16:5:45.8,25,51,45,25:51:45,42.8,46.8,o,,UW CrB,[488,],19.7,,,,<,0.1,,[921,],,0.15,,(0.3-3.2keV),[921,],1.85,[921,],"E,R",
J1603.9-7753,TB,16,3,54,16:3:54,-77,53,6,-77:53:6,312.4,-18.7,x,180,,,,,,,,,,,,,,160,,,[933,],,,,B,
1608-522,TBA,16,12,43,16:12:43,-52,25,23,-52:25:23,330.9,-0.9,o,,QX Nor,"[470,1382",],,,,,,1.5,,"[470,1028",],<,1,-,110,[103,],,,,"U,M,H,S,AS,C,X",
1617-155,Z,16,19,55.1,16:19:55.1,-15,38,25,-15:38:25,359.1,23.8,o,,V818 Sco,"[447,1115",],12.2,,0.2,-0.8,,-0.15,0.3,"[397,537,1379",],,14000,,,[1399,],18.9,"[442,727",],"U,M,A,H",Sco X-1
1624-490,D,16,28,2.4,16:28:2.4,-49,11,25,-49:11:25,334.9,-0.3,x,12,,[1072,],,,,,~,7,,[1404,],,55,,,[1399,],21,[640,],"U,M,A,H,S,X,B",
1627-673,P,16,32,16.8,16:32:16.8,-67,27,43,-67:27:43,321.8,-13.1,o,,KZ TrA,"[105,633",],18.5,,0.1,-1.2,,0.1,,"[861,1348",],,25,,,[872,],0.69,"7.7      [891,943",],"U,M,A,H,S,B,R,AS,C,X,Exo",*4
1630-472,TUD,16,34,0.4,16:34:0.4,-47,23,39,-47:23:39,336.9,0.3,x,10,,[997,],,,,,,4.5,,[997,],<,2,-,1400,[103,],,,,"U,M,A,C,X,B,G,E",
1632-477,,16,36,28,16:36:28,-47,49,37,-47:49:37,336.9,-0.4,x,66,,,,,,,,,,,,,,13,,,[611,],,,,K,
1636-536,BA,16,40,55.5,16:40:55.5,-53,45,5,-53:45:5,332.9,-4.8,o,,V801 Ara,[633,],17.5,,0.7,-0.7,,0.8,,"[730,861",],,220,,,[1399,],3.8,[1354,],"U,M,A,H,S,X,Exo",*3
1642-455,Z,16,45,47.7,16:45:47.7,-45,36,40,-45:36:40,339.6,-0.1,r,,,[8,],,,,,1,2,:,[527,],,500,,,[1399,],,,,"U,M,A,H,S,X",GX 340+0
J1655-40,TD,16,54,0.137,16:54:0.137,-39,50,44.9,-39:50:44.9,345,2.5,o,,*1,"[30,1324",],14.2,-17.3,1,,,-1.1,1.3,"[30,593",],,1600,,(2-12keV),[1076,],62.88,"[30,1323",],"C,AS,X,R,Gr",XN Sco 1994
1656+354,P,16,57,49.8,16:57:49.8,35,20,33,35:20:33,58.2,37.5,o,,HZ Her,"[326,447",],13,-14.6   -,0.2,-0.9,<,0.05,,"[100,483",],,15,-,50,"[872,1448",],40.8,"1.24     [297,943",],"U,M,A,H,G,X,B,AS",Her X-1
1658-298,TBD,17,2,6.3,17:2:6.3,-29,56,45,-29:56:45,353.8,7.3,o,,V2134 Oph,[330,],18.3,,0.45,-0.4,,0.3,,"[330,954",],<,5,-,80,[103,],7.11,[228,],"A,H,X",*T
1659-487,TU,17,2,49.5,17:2:49.5,-48,47,23,-48:47:23,338.9,-4.3,o,,V821 Ara,"[122,330",],15.5,,0.8,-0.1,,1.1,,"[252,800,1348",],,1.5,-,900,"[603,912",],14.83,"[122,582",],"U,M,A,H,K,B,X,C","GX339-4       , *V"
1702-363,Z,17,5,44.5,17:5:44.5,-36,25,22,-36:25:22,349.1,2.7,r,,*6,"[234,1026",],18.6,,1.5,,,1.3,:,"[234,1026",],,825,,,[1399,],21.85    -22.5,"[55,1383,1384",],"U,M,A,H,S,X",GX349+2
1702-429,BA,17,6,15.3,17:6:15.3,-43,2,10,-43:2:10,343.9,-1.3,x,5,,[527,],,,,,,2.5,,[527,],,45,,,"[634,970",],,,,"U,M,S,X",
1704+240,,17,6,34.6,17:6:34.6,23,58,18,23:58:18,45.2,33,o,,HD 154791,[403,],7.8,,1.3,2.1,,0.3,,[403,],<,0.5,-,11,[103,],,,,"A,H,R",
1705-250,T,17,8,14.6,17:8:14.6,-25,5,29,-25:5:29,358.2,9.1,o,2,V2107 Oph,[462,],15.9,,0.6,,,0.5,,[462,],<,2,-,3600,[103,],12.5,"[366,1077",],"A,H",N Oph 1977
1705-440,BA,17,8,54.7,17:8:54.7,-44,6,2,-44:6:2,343.8,-2.3,x,13,,[1072,],,,,,,2,:,[722,],,10,-,280,"[722,1399",],,,,"U,M,A,S",
1708-408,,17,12,23,17:12:23,-40,50,36,-40:50:36,346.3,-0.9,x,60,,,,,,,,,,,,,,32,,,[611,],,,,"U,M,A,H",
J1709-267,TB,17,9,30.2,17:9:30.2,-26,39,27,-26:39:27,357.5,7.9,x,120,,,,,,,,,,,,,,150,,,[825,],,,,"X,R,B",
J1710-281,TB(?),17,10,12.3,17:10:12.3,-28,7,54,-28:7:54,356.4,6.9,x,,,,,,,,,,,,,,,2,,,[816,],,,,"X,R",
1711-339,T,17,14,19.2,17:14:19.2,-34,2,58,-34:2:58,352.1,2.7,x,40,,[453,],,,,,,,,,,,16,-,130,[103,],,,,"H,S,R",
J1712.6-3739,TB,17,12,34,17:12:34,-37,38,36,-37:38:36,348.9,0.94,x,180,,,,,,,,,,,,,,34,,(2-9keV),[619,],,,,B,
1715-321,B,17,18,47.4,17:18:47.4,-32,10,40,-32:10:40,354.1,3.1,x,23,,[1072,],,,,,,,,,,,28,,,"[812,814,1399",],,,,"M,A,H,S",
1716-249,T,17,19,36.9,17:19:36.9,-25,1,3,-25:1:3,359.8,7.6,r,0.5,V2293 Oph,"[305,838",],16.65,-21,0.9,,,0.9,,[305,],,1500,,(20-100keV),[501,],14.7,[838,],"Gr,K,C,AS",XN Oph 1993
J171824.2-402934,B,17,18,24.13,17:18:24.13,-40,29,30.4,-40:29:30.4,347.3,-1.6,x,15.7,,[931,],,,,,,,,,,,1400,,,[662,],,,,"R,B",
J1723-376,TB,17,23,38,17:23:38,-37,39,42,-37:39:42,350.2,-0.86,x,30,,,,,,,,,,,,,,70,,,[821,],,,,"X,AS",
1724-356,,17,27,39,17:27:39,-35,44,4,-35:44:4,352.2,-0.5,x,78,,,,,,,,,,,,,,32,,,[611,],,,,K,
1724-307,GBA,17,27,33.2,17:27:33.2,-30,48,7,-30:48:7,356.3,2.3,x,3,Ter 2,[475,],,,,,,1.4,,"[10,803",],,15,,,"[999,1366",],,,,"E,X,AS,B,R",
1728-337,BA,17,31,57.4,17:31:57.4,-33,50,5,-33:50:5,354.3,-0.2,x,5,,[469,],,,,,,3.5,:,[527,],,150,,,"[1366,1399",],,,,"U,M,A,H,S,C,X",GX 354-0
1728-169,A,17,31,44.2,17:31:44.2,-16,57,42,-16:57:42,8.5,9,o,,V2216 Oph,"[328,447",],16.8,,0.3,-0.7,,0.3,,"[954,1123",],,300,,,[1399,],4.2,"[529,1123",],"U,M,A,H,S",GX 9+9
1728-247,P,17,32,2.2,17:32:2.2,-24,44,44,-24:44:44,1.9,4.8,o,,V2116 Oph,[328,],19,,,,,1.7,P,"[288,289",],,100,,,[1399,],340.           d,"114.       [276,943",],"U,M,A,H,S","GX 1+4        , *GF"
1730-312,T,17,33,32,17:33:32,-31,13,0,-31:13:0,356.3,1.6,x,120,,,,,,,,,,,,,,900,,,[94,],,,,"K,Gr",
1730-335,GBT,17,33,24.1,17:33:24.1,-33,23,16,-33:23:16,354.8,-0.2,x,3,Lil 1,"[475,767",],,,,,,3,:,"[10,803",],<,0.1,-,200,"[465,1215",],,,,"S,X,AS,Exo",Rapid Burster
1730-220,T,17,33,57,17:33:57,-22,2,7,-22:2:7,4.5,5.9,x,102,,,,,,,,,,,,,<,10,-,130,[230,],,,,U,
1731-260,BT,17,34,13,17:34:13,-26,5,9,-26:5:9,1.1,3.6,x,60,,"[51,182",],,,,,,3.2,:,[1230,],<,10,-,110,[1230,],,,,"K,X,Gr,R",
1732-304,GB,17,35,47.6,17:35:47.6,-30,28,56,-30:28:56,357.6,0.9,x,8,Ter 1,[797,],,,,,,-1.5,2.48,"[10,988,1405",],,10,,,"[999,1166,1366",],,,,"Ha,B,Gr,H,R,Exo",
1732-273,TU,17,36,2,17:36:2,-27,25,33,-27:25:33,0.1,6  +2.59,x,60,,[182,],,,,,,,,,,<,5,-,50,"[612,792",],,,,"K,G",
1734-292,,17,37,25,17:37:25,-29,10,48,-29:10:48,358.8,4  +1.4,x,60,,[182,],,,,,,,,,,,3.4,,,[1019,],,,,Gr,
1735-269,B,17,38,16,17:38:16,-27,0,16,-27:0:16,0.7,8  +2.40,x,120,,,,,,,,,,,,,,10,,,[1166,],,,,"SL,X,R,AS,B",
1735-444,BA,17,38,58.3,17:38:58.3,-44,27,0,-44:27:0,346.1,-7,o,,V926 Sco,[633,],17.5,,0.2,-0.8,,0.15,,"[492,633,1348",],,160,,,[1399,],4.65,[1319,],"U,M,A,H,S,B,X",*5
1735-28,T,17,38,34,17:38:34,-28,29,0,-28:29:0,359.6,1.56,x,420,,,,,,,,,,,,,<,0.4,-,565,"[230,1166",],,,,"U,M",
1736-297,,17,39,33,17:39:33,-29,43,26,-29:43:26,358.6,3  +0.7,x,60,,[182,],,,,,,,,,,,2,,,[725,],,,,Gr,
1737-31,T,17,39,56,17:39:56,-30,59,0,-30:59:0,357.3,0.58,x,180,,,,,,,,,,,,,,26,,,[822,],,,,"Gr,C,X,AS,B",
1737-282,,17,40,57,17:40:57,-28,18,36,-28:18:36,0,1  +1.2,x,180,,,,,,,,,,,,,,3,,,[1166,],,,,SL,
1739-278,T,17,42,37,17:42:37,-27,46,59,-27:46:59,0.6,6  +1.17,x,180,,[831,],23.2,,,,~,4,,"[459,831",],,860,,(2-60keV),[1258,],,,,"Gr,K,X,R",
1739-304,,17,42,44,17:42:44,-30,30,51,-30:30:51,358.3,3  -0.3,x,96,,,,,,,,,,,,,,9,,,[611,],,,,K,
1740-294,T(?),17,43,47,17:43:47,-29,26,0,-29:26:0,359.3,6  +0.1,x,72,,,,,,,,,,,,,,30,,,[262,],,,,,GC X-4
1740.7-2942,,17,43,54.7,17:43:54.7,-29,44,43,-29:44:43,359.1,2  -0.1,x,12,,"[734,882,1  169",],,,,,,,,,,,4,-,30,"[1166,1168,1233",],,,,"E,X,C,R,AS,Gr",
1741.2-2859,,17,44,25.4,17:44:25.4,-29,0,45,-29:0:45,359.8,0.18,x,60,,,,,,,,,,,,,<,1.5,-,300,[909,],,,,G,
1741-293,TB,17,44,49,17:44:49,-29,21,6,-29:21:6,359.5,-0.07,x,60,,[182,],,,,,,,,,,<,5,-,26,[612,],,,,"K,B,X",MXB1743-29   ?
1741-322,TU,17,45,2,17:45:2,-32,13,38,-32:13:38,357.1,-1.6,x,20,,,,,,,,,,,,,<,2,-,770,"[103,1168,1448",],,,,H,
1741.9-2853,TB,17,45,1,17:45:1,-28,54,6,-28:54:6,356,0.13,x,45,,[182,],,,,,,,,,,,7,,,[1233,],,,,"Gr,B",
1742-326,,17,45,29,17:45:29,-32,41,39,-32:41:39,356.8,-1.9,x,540,,,,,,,,,,,,,<,2,-,3,"[1168,1400",],,,,Exo,
1742.2-2857,,17,45,26.6,17:45:26.6,-28,59,0,-28:59:0,359.9,0.01,x,60,,[1403,],,,,,,,,,,,0.1,,(0.9-4.0keV),[1403,],,,,E,
1742-294,B(T?),17,45,37,17:45:37,-29,27,0,-29:27:0,359.5,6  -0.26,x,180,,,,,,,,,,,,,,45,,,[262,],,,,"A,S,AS,Gr,E,K",GC X-2
1742-289,TB(?),17,45,37,17:45:37,-29,1,7,-29:1:7,359.9,0,r,3,,[1403,],,,,,,,,[,],<,9,-,2000,[103,],,[,],A,
1742.5-2859,,17,45,40.7,17:45:40.7,-29,0,11,-29:0:11,359.9,5  -0.05,x,60,,[1403,],,,,,,,,[,],,1,-,5,"[1166,1233,1403",],,[,],"E,R",
1742.5-2845,,17,45,42.9,17:45:42.9,-28,46,53,-28:46:53,0.1,4  +0.06,x,60,,[1403,],,,,,,,,[,],,0.15,-,26.   (0.9-4.0 keV),[1403,],,[,],E,
1742.7-2902,,17,45,52.9,17:45:52.9,-29,3,22,-29:3:22,359.9,-0.11,x,60,,[1403,],,,,,,,,[,],,0.2,,(0.9-4.0 keV),[1403,],,[,],E,
1742.8-2853,,17,46,0,17:46:0,-28,54,49,-28:54:49,0,6  -0.06,3  x,60,,[1403,],,,,,,,,[,],,0.2,,(0.9-4.0 keV),[1403,],,[,],E,
1742.9-2852,,17,46,4.9,17:46:4.9,-28,53,13,-28:53:13,0,9  -0.06,x,60,,[1403,],,,,,,,,[,],,0.2,,(0.9-4.0 keV),[1403,],,[,],E,
1742-294,B,17,46,6.2,17:46:6.2,-29,31,6,-29:31:6,359.5,6  -0.39,x,60,,[634,],,,,,,,,[,],,60,-,180,"[1166,1233,1399",],,[,],"A,Gr",GC X-1
1742.9-2849,,17,46,9.7,17:46:9.7,-28,51,4,-28:51:4,0.1,3  -0.06,26 x,60,,[1403,],,,,,,,,[,],,0.2,,(0.9-4.0 keV),[1403,],,[,],E,
1743.1-2843,,17,46,19.2,17:46:19.2,-28,44,7,-28:44:7,0.2,5  -0.03,x,60,,[1403,],,,,,4,5,:,[1233,],,0.5,-,12,"[1166,1233,1403",],,[,],"E,AS,B",
1743.1-2852,,17,46,19.5,17:46:19.5,-28,53,43,-28:53:43,0.1,1  -0.11,x,60,,[1403,],,,,,,,,[,],,0.2,,(0.9-4.0 keV),[1403,],,[,],E,
1743-288,TB,17,46,47,17:46:47,-28,53,41,-28:53:41,0.2,1  -0.25,x,120,,[1403,],,,,,,,,[,],<,1,-,40,"[262,1064,1166,1403",],,[,],"A,B,X","GX+0.2,-0.2"
1744-299,,17,47,25.7,17:47:25.7,-29,59,43,-29:59:43,359.3,-0.89,x,60,,[,],,,,,>,7.5,:,[1168,],,6,,,[1168,],,[,],"SL,B",
J1744-28,TBP,17,44,33.1,17:44:33.1,-28,44,29,-28:44:29,0,4  +0.31,x,10,,[  19,],,,,,,,,[,],,4700,,(8-20 keV),[1120,],284.02,0.467    [367,],"C,K,AS,X,Gr",
1744-300,B,17,47,25.9,17:47:25.9,-30,2,31,-30:2:31,359.2,6  -0.9,x,60,,[,],,,,,>,7.5,:,[1168,],,4,,,[1168,],,[,],"SL,B",
1744-265,BA,17,47,56,17:47:56,-26,33,49,-26:33:49,2.3,0.8,x,3,,[1072,],,,,,,3.7,,[527,],,400,,,[1399,],,[,],"U,M,A,H,S,G,X",GX3+1
1744-361,T,17,48,13.4,17:48:13.4,-36,7,53,-36:7:53,354.1,-4.2,x,40,,[,],,,,,,,,[,],<,25,-,275,[103,],,[,],A,
J1745.6-2901,TB,17,45,36,17:45:36,-29,1,34,-29:1:34,359.9,-0.03,5  x,25,,[,],,,,,,,,[,],,0.4,-,2.   (3-10 keV),[788,],8.4,[788,],"AS,B",
1745-248,TGB,17,48,56,17:48:56,-24,53,40,-24:53:40,3.8,1.5,x,540,Ter 5,[,],,,,,,2.1,,[1405,],<,0.1,-,110,"[525,1400",],,[,],"Ha,Exo",
1745-203,GT,17,48,53.5,17:48:53.5,-20,22,2,-20:22:2,7.7,3.8,x,60,NGC 6440,"[383,447,811",],,,,,,1.1,,"[954,1405",],<,0.1,-,180,"[345,383",],,[,],"U,M",
1746-331,U,17,49,50.6,17:49:50.6,-33,11,55,-33:11:55,356.9,-3.1,x,35,,[931,],,,,,,,,[,],,27,,,[1168,],,[,],"SL,R",
1746.7-3224,,17,50,3.5,17:50:3.5,-32,25,43,-32:25:43,357.5,-2.6,x,60,,[,],,,,,,,,[,],,0.1,,,"[526,1168",],,[,],E,
1746-370,GBA,17,50,12.7,17:50:12.7,-37,3,8,-37:3:8,353.5,-5,x,2,NGC 6441,[ 475,],,,,,,0.5,,[1255,],,32,,,"[999,1366",],5.7,[1117,],"U,M,A,H,S,X,B",
1747-214,TB,17,50,25.7,17:50:25.7,-21,25,21,-21:25:21,19.8,22.73,x,7,,[,],,,,,,,,[,],,70,,,"[996,1400",],,[,],Exo,
1747-313,G,17,50,45.5,17:50:45.5,-31,17,32,-31:17:32,358.6,-2.2,x,60,Ter 6,[182,],,,,,,1.5,,[1405,],,1.5,-,20,"[1019,1052",],12.36,[620,],"R,Gr,B,X",
J1748-288,T,17,48,5.06,17:48:5.06,-28,28,25.8,-28:28:25.8,0.7,-0.21,r,0.6,,[,],,,,,,,,[,],,640,,,[1220,],,[,],"X,B,I",
J1748.9-2021,TGB,17,48,53.4,17:48:53.4,-20,21,43,-20:21:43,7.7,3  +3.8,x,60,*V2(?),[1370,],,,,,,1,,[986,],,30,,,[616,],,[,],"B,X,R(?)",
1749-285,T,17,52,16,17:52:16,-28,30,22,-28:30:22,1.1,-1,x,300,,[,],,,,,,,,[,],,60,,,[1064,],,[,],"SL,A","GX+1.1,-1.0"
J1750.8-2900,TB,17,50,24,17:50:24,-29,2,18,-29:2:18,0.4,5  -0.94,x,60,,[,],,,,,,,,[,],,130,,,[948,],,[,],"B,X",
J1752.3-3138,B,17,52,24,17:52:24,-31,37,42,-31:37:42,358.4,-2.6,x,174,,[,],,,,,,,,[,],,740,,(2-26 keV),[60,],,[,],B,
1755-338,DU,17,58,40,17:58:40,-33,48,27,-33:48:27,357.2,-4.9,o,,V4134 Sgr,[845,],18.5,,0.7,,,0.5,:,"[845,954",],,100,,,[1399,],4.46,"[845,1417",],"U,M,A,H,S,R,G",
J1755-324,T,17,55,28.6,17:55:28.6,-32,28,39,-32:28:39,358,-3.6,x,60,,[,],,,,,,,,[,],,180,,(2-12 keV),[1078,],,[,],"X,Gr",
1758-250,Z,18,1,8.2,18:1:8.2,-25,4,45,-25:4:45,5.1,-1,x,3,,"[952,1072",],,,,,,7.5,:,[527,],,1250,,,[1399,],,[,],"U,M,A,H,S",GX5-1
1758-258,U,18,1,12.7,18:1:12.7,-25,44,26,-25:44:26,4.5,-1.4,r,2,,"[882,1165",],,,,,,3,:,[1165,],,20,,,[1238,],,[,],"Gr,X,C,R,AS",
1758-205,A,18,1,32.3,18:1:32.3,-20,31,44,-20:31:44,9.1,1.2,x,3,,"[447,952,1072",],,,,,,3.7,:,[527,],,700,,,[1399,],,[,],"U,M,A,H,S",GX9+1
1803-245,T,18,6,50.2,18:6:50.2,-24,35,15,-24:35:15,6.1,-1.9,x,30,,[634,],,,,,,,,[,],<,2,-,1000,[230,],,[,],S,
J1806-246,TB(?)A,18,6,51,18:6:51,-24,35,6,-24:35:6,6.1,4  -1.9,x,90,,[,],,,,,,,,[,],,440,,(2-12 keV),[826,],,[,],X,
J1808.4-3658,TPB,18,8,27.54,18:8:27.54,-36,58,44.3,-36:58:44.3,355.4,-8.14,o,0.8,,[420,],16.6,,,,,,,"[420,1097",],,110,,,[420,],2.014167,"0.00249  [162,1425",],"B,X",J1808-369
J1810.8-2609,TB,18,10,44.5,18:10:44.5,-26,9,1,-26:9:1,5.2,0  -3.4,x,10,,[461,],,,,,,,,[461,],,16,,,[1307,],,[,],"B,R",J1810.7-2609
1811-171,AB,18,14,31.1,18:14:31.1,-17,9,26,-17:9:26,13.5,0.1,"r,IR",,IR star,"[328,447,952",],,,,,,5.7,,[167,],,350,,,"[1399,1448",],592.8,[241,],"U,M,A,H,S,X",GX13+1
1812-12,B,18,15,12,18:15:12,-12,5,0,-12:5:0,18.1,2.3,x,720,,[,],,,,,,,,[,],,15,,,"[1399,1448",],,[,],"M,A,H,B",
1813-140,ZB,18,16,1.4,18:16:1.4,-14,2,11,-14:2:11,16.4,1.3,o,,NP Ser,"[328,447,952",],17.5,,1.3,1,,2.5,:,"[807,1131,1254",],,700,,,[1399,],,[,],"U,M,A,H,S,Exo",GX17+2
J1819.3-2525,T,18,19,21.48,18:19:21.48,-25,25,36,-25:25:36,6.7,5  -4.79,o,0.7,V4641 Sgr,[436,],8.8,-13.5,,,,0.24,,"[1224,1388",],,1,-,13000.   (2-12 keV),[1189,],,[,],"B,X",J1819-254
1820-303,GBA,18,23,40.6,18:23:40.6,-30,21,41,-30:21:41,2.8,-7.9,x,3,NGC 6624,[475,],,,,,,0.3,,"[674,1317",],,250,,,"[1366,1399",],0.19,[1213,],"U,M,A,H,S,X,B,R",
1822-371,D,18,25,46.8,18:25:46.8,-37,6,19,-37:6:19,356.9,-11.3,o,,V691 CrA,[463,],15.3,-16.3,0.1,-0.9,,0.15,,"[840,841,842",],,10,-,25,"[872,1448",],5.57,"[842,1415",],"U,M,A,H,B",
1822-000,,18,25,22.1,18:25:22.1,0,0,44,0:0:44,29.9,5.8,x,3,star,"[195,447",],22,,1.   :,,,1.3,,"[191,527",],,25,-,62,[103,],,[,],"U,M,A,H,S",
1826-238,TB,18,29,27,18:29:27,-23,47,29,-23:47:29,9.3,-6,x,54,,[930,],19,,0.4,-0.5,,,,[930,],,30,,,"[611,793",],,[,],"G,B,X",
1832-330,GB,18,35,44,18:35:44,-32,58,55,-32:58:55,1.5,-11.4,x,60,NGC 6652,[,],,,,,,0.1,,[1405,],,8,,(0.5-2 keV),[1052,],,[,],"R,X,AS",
1837+049,B,18,39,57.5,18:39:57.5,5,2,9,5:2:9,36.1,4.8,o,,MM Ser,"[447,1285",],,,,-0.5,,-0.04,>=0.4,"[1142,1285",],,225,,,"[1059,1399",],,[,],"U,M,A,H,S","Ser X-1       ,*DS"
1846-031,TU,18,49,17.1,18:49:17.1,-3,3,44,-3:3:44,29.9,-0.9,x,15,,[1002,],,,,,,,,[,],,300,,,[1002,],,[,],Exo,
1850-087,GB,18,53,4.9,18:53:4.9,-8,42,20,-8:42:20,25.4,-4.3,o,,NGC 6712,"[21,263,447",],21,,0.2,-0.9,,0.42,,"[263,956",],,7,,,"[999,1366,1399",],0.343        ?,[580,],"U,A,H,S,B",",star"
J1856+053,T,18,56,39,18:56:39,5,19,48,5:19:48,38.2,7  +1.26,x,108,,[,],,,,,,,,[,],,70,,,[824,],,[,],"X,C",
J1859+226,T,18,58,41.58,18:58:41.58,22,39,29.4,22:39:29.4,54,5  +8.59,o,0.5,,[412,],15.31,-15.75,0.34,-0.6,5,-0.58,0.8,"[176,596,961,1394",],,600,,,[281,],,[,],"X,C,B",
1905+000,B,19,8,27,19:8:27,0,10,8,0:10:8,35,3.7,x,5,star,"[194,447",],20.5,,0.5,-0.5,,0.5,,[194,],,10,,,"[188,1399",],,[,],"U,A,H,S",
1908+005,TBA,19,11,16,19:11:16,0,35,6,0:35:6,35.7,-4.1,o,,V1333 Aql,"[447,1283",],14.8,,0.6,-0.4,,0.4,,"[169,191,1283",],<,0.1,-,1300,"[103,1350",],19,[190,],"U,M,A,S,X,C,G",Aql X-1
1915+105,TB,19,15,17,19:15:17,10,58,6,10:58:6,45.3,-0.9,x,180,,[87,],,,,,,9.6,,[87,],,300,,,[243,],,[,],"Gr,B,X,C,I,AS",
1916-053,BD,19,18,48,19:18:48,-5,14,9,-5:14:9,31.4,-8.5,o,,V1405 Aql,"[447,1126,1397",],21,,0.4,-0.5,,0.7,,"[476,1126",],,25,,,"[1179,1399",],0.83,"[476,1126,141",2  ],"U,M,A,H,S,R,AS,B,X,C",
1918+146,T,19,20,17,19:20:17,14,41,39,14:41:39,49.3,0.4,x,2400,,[,],,,,,,,,[,],<,5,-,45,[230,],,[,],"U,A",
1940-04,B,19,42,38,19:42:38,-3,54,0,-3:54:0,35.3,-13.1,x,3600,,[,],,,,,,,,[,],<,50,,,[937,],,[,],Ha,
1957+115,U,19,59,24,19:59:24,11,42,30,11:42:30,51.3,-9.3,o,,V1408 Aql,"[327,447",],18.7,,0.3,-0.6,,0.4,,[809,],,30,,,[1399,],9.33,[1281,],"U,M,A,H,S,X,G,Exo,AS",
2000+251,TU,20,2,49.6,20:2:49.6,25,14,12,25:14:12,63.4,-3.1,o,,QZ Vul,"[120,447",],18.9,,1.3,0,,1.5,,"[90,1301",],<,0.5,-,11000,"[896,1139",],8.26,"[120,173,189,",191],"G,R",",*B"
J2012+381,TU,20,12,37.8,20:12:37.8,38,11,1.1,38:11:1.1,75.4,2.22,o,0.35,*B,[597,],21.33,,,,,-1.9,2.4,[597,],,160,,,[1422,],,[,],"X,AS",
2023+338,TU,20,24,3.8,20:24:3.8,33,52,4,33:52:4,73.2,-2.2,o,,V404 Cyg,"[331,1389",],12.7,,1.5,0.3,,1,:,"[118,172,1390",],,0.4,-,20000,"[896,1139,1234",],155.4,[148,],"G,X,K",
J2123-058,TBA,21,23,14.54,21:23:14.54,-5,47,52.9,-5:47:52.9,58.1,0 -29.9,o,1,,[1293,],16.8,-19.24  -,0.02,-0.8,8,0.1,,[1290,],,110,,,[740,],5.96,"[595,600,1293",],X,
2127+119,GB,21,29,58.3,21:29:58.3,12,10,3,12:10:3,65,-27.3,o,,M15,[22,],15.8,-16.4   -,0.1,-1.2,<,0.06,,"[23,83,953",],,6,,,"[1366,1399",],17.1,"[521,604,605,",951],"U,M,A,H,X",",AC 2"
2129+470,B,21,31,26.2,21:31:26.2,47,17,24,47:17:24,91.6,-3,o,,V1727 Cyg,"[447,1284",],16.4,-17.5,0.65,-0.3,,0.5,:,"[864,1284",],,9,,,[1399,],5.24,"[864,865",],"U,M,A,H,R",
2142+380,ZB,21,44,41.2,21:44:41.2,38,19,18,38:19:18,87.3,-11.3,o,,V1341 Cyg,"[418,447",],14.7,,0.5,-0.2,,0.45,,"[199,783,866",],,450,,,[1399,],236.2,[249,],"U,M,A,H,X,B,G",Cyg X-2
2318+620,,23,20,34.1,23:20:34.1,62,17,33,62:17:33,112.6,1.3,r,,,[,],,,,,,0.3,,[1273,],,2.4,,,[384,],,[,],"U,A",
J0032.9-7348,,0,32,56.1,0:32:56.1,-73,48,19,-73:48:19,304.7,-43.2,x,12.9,*1,657,,15.3,,,,,,,354,,,0.2,,,354,,,,,R                         Be,
J0049-732,P,0,49,29.6,0:49:29.6,-73,10,56,-73:10:56,303.1,-43.9,x,5.5,,,,,,,,,,,,,,0.04,,,327,,,9.1321    327,,As,
J0049-729,TP,0,49,2.5,0:49:2.5,-72,50,52,-72:50:52,303.2,-44.3,x,13.7,Be star,657,,,,,,,,,,,,0.5,-,9,354,,,"74.676     132,790",,"AS, R, X                  Be",J0049.1-7250
0050-727,T,0,52,6.1,0:52:6.1,-72,26,6,-72:26:6,302.9,-44.7,o,3,*4,95,,14,: -,0.3,-1,,0.03,,"7, 146",,<,1,-,5,95,,,,,"A,H,S,X                   O9 I",II-Ve    SMC X-3
J0050.7-7316,P,0,50,44.7,0:50:44.7,-73,16,5,-73:16:5,303,-43.8,o,1,Be star,141,,15.44,-,0.03,-0.9,5,,,"104,141",,,0.16,,(0.7-10 keV),788,,1.416,"323.        104,788",,"R,AS                      Be",J0051-733
J0051-722,TP,0,50,55.8,0:50:55.8,-72,13,55,-72:13:55,303,-44.9,x,10,Be star,657,,14.9,,,,,,,657,,,2.6,,,424,,120,"91.1       334,461",,"X,R,B                     Be",
J0051.8-7231,TP,0,51,53,0:51:53,-72,31,45,-72:31:45,302.9,-44.6,x,11,*2,657,,,,,,,,,,,,0.01,-,9,354,,,8.9       330,,"E, X,R ,B                 Be","2E0050.1-7247 ,"
J0051.9-7311,T,0,51,51.4,0:51:51.4,-73,10,38,-73:10:38,302.9,-43.9,x,,B[e  star,141,,14.4,,,,,,,141,,,,,,,,,,,R                         B[e,SMC 25
J0052.1-7319,TP,0,52,13.9,0:52:13.9,-73,19,13,-73:19:13,302.8,-43.8,x,1.9,SMC SC6 99923,702,,14.66,-7,0.005,,,,,"702,332",,,0.024,-,4.7,399,,,15.3       399,,"E,X,R                     Be",
J0052.9-7158,TU,0,52,54,0:52:54,-71,58,8,-71:58:8,302.8,-45.1,x,,Be star,141,,15.46,-,0.07,-0.9,9,,,141,,,2,,(0.15-2.4 keV),141,,,,,R                         Be,SMC 32
0053-739,T,0,54,33.4,0:54:33.4,-73,41,4,-73:41:4,302.6,-43.4,o,,*5,95,,16,-,0.3,-0.5,,0.03,,506,,<,1,-,7,95,,,,,"A,S                       B1.5",Ve       SMC X-2
0053+604,,0,56,42.3,0:56:42.3,60,43,0,60:43:0,123.6,-2.1,o,,{gamma} Cas,177,,1.6,- 3.0   -,0.15,-1,8,0.05,,489,,,5,-,11,63,,,,,"U,A,H,S,AS,B              B0.5",Ve
J0053.8-7226,TP,0,53,55,0:53:55,-72,26,47,-72:26:47,302.7,-44.7,x,10,,,,,,,,,,,,,,1.4,,,132,,139,"46.63      132,425",,"X,R                       B1V",0053-724
J0054-720,TP,0,54,36,0:54:36,-72,4,0,-72:4:0,302.6,-45,x,10,,,,,,,,,,,,,,3.8,,,428,,,169.3       428,,"X ,B",
J0055-724,TP,0,54,56.17,0:54:56.17,-72,26,27.6,-72:26:27.6,302.6,-44.7,x,0.1,Be star,"621,657",,15.28,-,0.04,-0.7,8,-0.06,0.28,"104,279,621",,,1,,,458,,65,"58.969     429,458,610",,"X,B,R,E                   B0-B",1III-V   J0054.9-7226
J0058-72.0,P,0,57,48.4,0:57:48.4,-72,2,42,-72:2:42,302.2,-45,x,7.9,,,,,,,,,,,,,,0.1,,(0.7-10 keV),788,,,280.4       788,,"AS,R",J0058-7203
J0058.2-7231,,0,58,12.7,0:58:12.7,-72,30,45,-72:30:45,302.2,-44.6,x,,Be star,621,,15,,,,,,,621,,,,,,,,,,,R                         Be,
J0059.2-7138,TUP,0,59,11.3,0:59:11.3,-71,38,45,-71:38:45,302.1,-45.4,x,2.8,Be star,650,,14.1,,0.11,,,0.03,,650,,,3,,(0.2-2 keV),299,,,2.7632    299,,"R,E                       B1II",Ie
J0101.0-7206,T,1,1,1.1,1:1:1.1,-72,6,57,-72:6:57,301.9,-45,x,2.8,Be star,657,,,,,,,,,,,,0.1,,,354,,,,,"R,E                       Be",
J0103-722,P,1,3,13.9,1:3:13.9,-72,9,14,-72:9:14,301.6,-44.9,o,0.1,Be star,300,,14.8,,0.089,,,0.23,,"104,300",,,0.01,-,0.1  (0.2-2 keV),"300,334",,,345.2       334,,"R,A,B                     O9-B",1(III-V) J0103.2-7209
0103-762,T,1,9,6.1,1:9:6.1,-74,44,40,-74:44:40,301.9,-41.1,o,,Be star,,,17,,,,,0.03,,698,,,2.3,,,781,,,,,"H,V,R                     Be",0107-750
J0105-722,TP,1,5,8.9,1:5:8.9,-72,11,44,-72:11:44,301.4,-44.9,x,6.6,,203,,,,,,,,,,,,0.1,,,203,,,3.343     789,,"AS,R",J0105.1-7211
J0106.2-7205,,1,6,15.1,1:6:15.1,-72,5,25,-72:5:25,301.3,-45,x,15,Be star,300,,16.7,,,,,-0.05,0.25,300,,,0.005,,(0.2-2 keV),300,,,,,R                         B2-B,5 III-Ve
J0111.2-7317,TP,1,11,8.4,1:11:8.4,-73,16,46,-73:16:46,301,-43.7,o,1,Be star,113,,15.32,,0.08,,,,,113,,,15,,,87,,,31.0294    86,,"X,AS,C                    B0-2",III-Ve
0114+650,P,1,18,2.8,1:18:2.8,65,17,19,65:17:19,125.7,2.6,o,3,V662 Cas,177,,11,,1.2,0.1,,1.4,,"3,148",,,4,,,63,,11.6,"10008.        148,210,785",,"A,S,X                     B0.5","Ib                     ,LS I+65 010"
0115+634,TP,1,18,31.9,1:18:31.9,63,44,24,63:44:24,125.9,1,o,,V635 Cas,347,,14.5,-16.3,1.4,0.3,,1.7,,"345,473,513",,<,2,-,350,63,,24.3,"3.61      508,569",,"U,M,H,S,C,X               B0.2",V
0115-737,P,1,17,5.2,1:17:5.2,-73,26,35,-73:26:35,300.4,-43.6,o,3,Sk 160,609,,13.3,-,0.14,-0.9,8,0.03,,"312,753",,,0.5,-,57,63,,3.89,"0.71      508,566,623",,"U,M,A                     B0Ib",SMC X-1
J0117.6-7330,TP,1,17,41.4,1:17:41.4,-73,30,49,-73:30:49,300.4,-43.5,x,0.6,Be star,,,14.19,-,0.07,,,0.03,,"90,649",,,10,,,439,,,22.07      439,,"C,R                       B0.5",IIIe
J0146.9+6121,,1,43,32.6,1:43:32.6,61,6,26,61:6:26,129.2,-1.2,o,2,LS I+61 235,267,,11.33,,0.82,-0.3,9,0.87,,"143,410,579,640",,,1,-,3.   (0.1-2.4 keV),499,,,1404.2       254,,"R,AS,X,B                  B1Ve",
0236+610,,2,40,31.6,2:40:31.6,61,13,45,61:13:45,135.7,1.1,"o,r",,LS I+61 303,"70,267",,10.7,,0.8,-0.3,,0.75,,"180,308,600",,,0.2,,(0.2-5 keV),48,,26.45,677,,E                         B0e,",V615 Cas"
0331+530,TP,3,34,59.9,3:34:59.9,53,10,23,53:10:23,146.1,-2.2,o,,BQ Cam,381,,15.1,-15.4,1.6   -2,0.3,,1.9,,"128,290,513",,<,0.5,-,1250,"655,683",,34.25,"4.4       508,655,771",,"V,T,Exo                   O8.5",Ve
0352+309,P,3,55,23,3:55:23,31,2,45,31:2:45,163.1,-17.1,o,,X Per,64,,6,-6.6,0.29,-0.8,2,0.4,,"311,434,489,639",,<,9,-,37,63,,580.           ?,"835.        306,508",,"U,M,A,H,S                 B0II",I-Ve
J0421+560,T,4,19,46,4:19:46,55,59,24,55:59:24,149.2,4.1,x,50,CI Cam,,,9.25,,1,-0.4,,0.8,,"100a,323",,,2000,,,"40,523",,,,,"X,B,C,AS",--
J0440.9+4431,P,4,40,59.9,4:40:59.9,44,31,51,44:31:51,159.8,-1.3,x,17,BSD 24-491,142,,10.78,,0.61,-0.3,6,,,500,,,1,,,577,,,202.5       577,,"R,X                       B0V-",IIIe
J0501.6-7034,,5,1,23.9,5:1:23.9,-70,33,33,-70:33:33,281.9,-34.5,x,2.9,Be star,618,,14.5,-,0.07,,,,,618,,,,,,,,,,,"E,R                       B0e",CAL 9
J0502.9-6626,TP,5,2,51.6,5:2:51.6,-66,26,25,-66:26:25,277,-35.4,x,1.2,Be star,618,,14.22,-,0.1,,,,,617,,,5.7,,,619,,,4.0635    619,,"E, R                      B0e",CAL E
J0512.6-6717,,5,12,41.8,5:12:41.8,-67,17,23,-67:17:23,277.8,-34.3,x,40,,,,,,,,,,,,,,,,,,,,,,R,
J0516.0-6916,T,5,16,0.1,5:16:0.1,-69,16,9,-69:16:9,280.1,-33.6,x,7.3,star 2,141,,15,-,0.1,-0.9,,,,141,,,0.07,,,141,,,,,R                         B1e,
J0520.5-6932,T,5,20,30.3,5:20:30.3,-69,32,4,-69:32:4,280.3,-33.2,x,16.6,Be star,618,,14.4,,,,,,,618,,,,,,,,,,,R                         O8e,
0521+373,,5,22,35.2,5:22:35.2,37,40,34,37:40:34,170,0.7,o,,HD34921,646,,7.51,,0.14,-0.8,6,0.42,,"78,555,599",,,1,,,"215, 781",,,,,"U,H                       B0IV","pe                     ,SAO57950"
J0529.8-6556,TP,5,29,48.4,5:29:48.4,-65,56,51,-65:56:51,275.9,-32.9,x,8,GSC 8891.0213,253,,,,,,,,,253,,,0.17,,,253,,,69.5       253,,R                         B2II,I-Ve
053109-6609.2,TP,5,31,13,5:31:13,-66,7,6,-66:7:6,276.2,-32.7,x,10,,,,,,,,,0.1,,265,,,1,,,265,,25.4,13.7       165,,"Exo,SL,B,R                Be?",
J0531.5-6518,,5,31,36.1,5:31:36.1,-65,18,16,-65:18:16,275.1,-32.7,x,18.8,,250,,,,,,,,,,,,,,,,,,,,R,
0532-664,P,5,32,49.2,5:32:49.2,-66,22,14,-66:22:14,276.3,-32.5,o,2,Sk-Ph,93,,14,-,0.1,-1.1,,0.1,,"280,365,431",,<,3,-,60,63,,1.4,"13.5       365,508",,"U,M,A,H,AS,G,R            O7II",I-V      LMC X-4
J0532.4-6535,,5,32,25.3,5:32:25.3,-65,35,9,-65:35:9,275.4,-32.6,x,17.4,RGC 36,,,,,,,,,,575,,,0.01,,(0.1-2.4 keV),250,,,,,R,
J0532.5-6551,V,5,32,32.6,5:32:32.6,-65,51,40.8,-65:51:40.8,275.7,-32.6,o,,Sk-65 66,609,,12.3,,,,,,,609,,,0.03,,(0.1-2.4 keV),253,,,,,R                         OB,
J0535.0-6700,T,5,35,5.9,5:35:5.9,-67,0,16,-67:0:16,277.1,-32.2,x,4,RGC 28,575,,18.1,,,,,,,575,,,0.04,,(0.1-2.4 keV),250,,241.           ?,575,,R                         Be?,
0535-668,PT,5,35,40.5,5:35:40.5,-66,51,53,-66:51:53,276.9,-32.2,o,2,*Q,"89,350",,12.3,-14.9,0.1,-0.9,,0.1,,"89,167,431,528",,<,0.01,-,180,63,,16.7,"0.069     508,636",,A                         B2 I,II-Ve    0538-66
0535+262,TP,5,38,54.6,5:38:54.6,26,18,57,26:18:57,181.4,-2.6,o,,V725 Tau,414,,8.9,-9.6,0.45  -0,.62 -0.5,4,0.8,,"225,449,653,660",,<,3,-,2800,63,,111,"104.        508,561",,"U,A,H                     O9.7","IIIe                   ,HD 245770"
J0535.8-6530,,5,35,53.8,5:35:53.8,-65,30,34,-65:30:34,275.3,-32.3,x,13,,,,,,,,,,,,,,0.5,,(0.1-2.4 keV),250,,,,,R,
0538-641,U,5,38,56.4,5:38:56.4,-64,5,1,-64:5:1,273.6,-32.1,o,3,*1,716,,16.7,-17.5   -,0.2,-0.6,,0.1,,"136,431,708",,<,1.7,-,44,63,,1.7,136,,"U,M,A,H,F,X               B3 V",e        LMC X-3
0540-697,U,5,39,38.7,5:39:38.7,-69,44,36,-69:44:36,280.2,-31.5,o,3,*32,"135,181",,14.5,,0.29,-0.7,0,0.37,,"47,318",,,3,-,25,63,,4.22,322,,"U,M,A,H,X                 O7-9",III     LMC X-1
J0541.4-6936,,5,41,22.2,5:41:22.2,-69,36,29,-69:36:29,280,-31.4,x,6.6,Sk-69 271,612,,12.01,,0,,,,,"335,603",,,,,,,,,,,R                         B2 S,G
J0541.5-6833,,5,41,37.1,5:41:37.1,-68,32,32,-68:32:32,278.8,-31.4,x,4.5,LMC BI267,,,14.02,-,0.03,-1,4,,,74,,,,,,,,,,,R                         OB0,
0544-665,,5,44,15.5,5:44:15.5,-66,33,50,-66:33:50,276.5,-31.4,o,3,*1,349,,15.4,-,0.2,-0.9,6,0.1,,"431,715",,,1.8,,,349,,,,,H                         B1Ve,
J0544.1-710,TP,5,44,6.3,5:44:6.3,-71,0,50,-71:0:50,281.6,-31,x,3.3,Be star,151,,15.33,,0.13,,,0.32,,151,,,0.14,-,0.36 (2-10 keV),151,,,96.08      151,,"B, R, E                   Be",J0544.1-7100
0556+286,,5,55,54.7,5:55:54.7,28,47,6,28:47:6,181.3,1.9,o,,HD249179,,,9.2,,,,,,,"557,698",,,1.1,,,781,,,,,H                         B5ne,
J0635+0533,P,6,35,17.4,6:35:17.4,5,33,20.9,5:33:20.9,206.1,-1,x,60,,352,,12.83,+,0.98,,,1.2,,352,,,0.55,,,352,,,0.0338    152,,B                         B2V-,B1IIIe
J0648.0-4419,P,6,48,4.6,6:48:4.6,-44,18,54.4,-44:18:54.4,253.7,-19.1,x,10,HD49798,329,,8.27,-,0.24,-1.1,8,,,344,,,0.03,,,,,1.55,"13.1789    329,684",,"R,B                       sdO6",
0726-260,TP,7,28,53.4,7:28:53.4,-26,6,28,-26:6:28,240.3,-4.1,o,,star,654,,11.6,,0.3,-0.6,,0.6,,"515,654",,,1.2,-,4.7,"743,781",,34.5,103.2       131,,"U,A,E,H,R,X               O8-9",Ve
0739-529,,7,47,23.5,7:47:23.5,-53,19,58,-53:19:58,266.4,-13.7,o,,HD63666,646,,7.62,,0.02,-0.2,4,,,"293,437,518,698",,,0.7,,,781,,,,,H                         B7IV,#NAME?
0749-600,,7,56,15.8,7:56:15.8,-61,5,59,-61:5:59,274,-16.2,o,,HD65663,646,,6.73,,0.05,-0.2,5,0.09,,"153,154,698",,,0.7,,,781,,,,,H                         B8II,"Ie                     ,SAO250018"
J0812.4-3114,TP,8,12,28.4,8:12:28.4,-31,14,51,-31:14:51,249.6,1.6,x,21,LS 992,500,,12.42,,0.41,-0.6,9,,,500,,,0.6,,,500,,80,"31.8851    125,577",,"R,X                       B0.5",V-IIIe
0834-430,TP,8,35,55,8:35:55,-43,11,6,-43:11:6,262,-1.5,x,60,star   *D,334a,,20.4,,,,,4,,334a,,,30,-,300,239,,110,"12.3       239,773",,"Gr,R,K,G,C                B0-2",III-Ve
0900-403,P,9,2,6.9,9:2:6.9,-40,33,17,-40:33:17,263.1,3.9,o,,HD77581,213,,6.9,,0.47,-0.5,1,0.7,,"183,495,518,717",,,2,-,1100,63,,8.96,"283.        162,508,711",,"U,M,A,H,B,X,AS,R          B0.5","Ib       Vela X-1      ,GP Vel"
J1008-57,TP,10,9,46,10:9:46,-58,17,32,-58:17:32,283,-1.8,x,15,star,109,,15.27,-,1.66,,,-1.9,2,"109,587",,,1200,,,663,,135,"93.5       550,635,663",,"C,R,AS,Exo                O9-B",1
1024.0-5732,P,10,25,56.6,10:25:56.6,-57,48,42,-57:48:42,284.5,-0.2,o,6,Wack 2134,686,,12.7,,1.5,,,1.8,,81,,,1,-,10.   (0.2-4.5 keV),81,,,0.061     81,,E                         O5:,",TH{alpha} 35-42"
1036-565,,10,30,22.5,10:30:22.5,-57,4,39,-57:4:39,284.6,0.7,o,,HD91188,646,,6.64,-,0.1,-0.5,6,,,"221,518",,,3.3,,,743,,,,,A                         B4II,"Ie       4U 1036-56    ,SAO238130"
J1037.5-5647,P,10,37,35.2,10:37:35.2,-56,47,59,-56:47:59,285.4,1.5,x,21,LS 1698,500,,11.3,,0.9,,,0.75,,500,,,0.17,,,577,,,862.        577,,R                         B0V-,IIIe
1048.1-5937,P,10,50,7.9,10:50:7.9,-59,53,16,-59:53:16,288.2,-0.5,x,9,,477,,,,,,,,,,,<,0.1,-,1,632,,,"6.44      124,632",,E,
1118-615,PT,11,20,57.2,11:20:57.2,-61,54,58,-61:54:58,292.5,-0.9,o,,He3-640,339,,12.1,,0.96,-0.3,0,1.2,,339,,,0.1,-,70,"63, 497",,,405.        508,,A                         O9.5,III-Ve
1119-603,P,11,21,15.2,11:21:15.2,-60,37,24,-60:37:24,292.1,0.3,o,3,V779 Cen,"72,394",,13.3,,1.07,0,4,1.4,,"315,394,586",,,10,-,312,63,,2.09,"4.84      366,508",,"U,M,A,H                   O6.5",II-III  Cen X-3
1145-619,PT,11,48,0.1,11:48:0.1,-62,12,25,-62:12:25,295.6,-0.2,o,,Hen 715,64,,9.3,,0.18,-0.8,1,0.35,,"195,518,746",,,4,-,1000,63,,187.5,"292.4       508,748",,"U,M,A,H,S                 B1Vn","e                      ,HD102567"
1145.1-6141,P,11,47,28.6,11:47:28.6,-61,57,14,-61:57:14,295.5,0,o,2,V830 Cen,316,,13.1,,1.5,0.1,5,1.6,,"166,325",,,4,-,40,316,,5.65,"298.        325,508",,"A,E,C                     B2Ia",e
1223-624,PT,12,26,37.6,12:26:37.6,-62,46,13,-62:46:13,300.1,0,o,3,BP Cru,64,,10.8,,1.76,0.4,2,1.8,,"59,260,688,734",,,9,-,1000,63,,41.59,"696.        508,613",,"U,M,A,H,S,AS,C            B1-1",".5Ia     GX 301-2      ,Wra 977"
1239-599,P,12,42,1.7,12:42:1.7,-60,12,6,-60:12:6,301.8,2.6,x,30,,177,,,,,,,,,,,,3,-,16,"63,743,781",,,191.        297,,"A,H,S",
1244-604,T,12,47,35,12:47:35,-60,38,36,-60:38:36,302.5,2.2,x,372,,,,,,,,,,,,,<,24,-,100,82,,,,,A,
1246-588,T,12,49,36,12:49:36,-59,7,18,-59:7:18,302.7,3.8,x,270,,,,,,,,,,,,,<,24,-,300,82,,,,,"U,A,H",
1249-637,,12,42,50.4,12:42:50.4,-63,3,32,-63:3:32,302,-0.2,o,,HD110432,646,,5.31,,0.27,-0.7,9,0.4,,"103,518",,,2.2,,,781,,,,,H                         B0II,"Ie                     ,SAO252002"
1253-761,,12,39,15,12:39:15,-75,22,12,-75:22:12,302.1,-12.5,o,,HD109857,646,,6.49,,0.08,-0.2,4,0.2,,"103,518",,,0.6,,,781,,,,,H                         B7Vn,"e                      ,SAO256967"
1255-567,,12,54,37,12:54:37,-57,10,6,-57:10:6,303.4,5.7,o,,{mu}^2^ Cru,,,5.17,-,0.12,-0.5,1,0.04,,"518,639",,,0.8,,,781,,,,,H                         B5Ve,",HD1120912"
1258-613,PT?,13,1,17.2,13:1:17.2,-61,36,7,-61:36:7,302.1,1.2,o,2,V 850 Cen,465,,13.5,-14.2,1.7,0.8,,2,,"127,256,538",,,0.3,-,200,"63,554",,133.           ?,"272.        508,562",,"U,M,A,S                   B2Vn","e        GX 304-1      ,  *2 (MMV)"
J1324.4-6200,P,13,24,26.3,13:24:26.3,-62,0,53,-62:0:53,306.8,0.61,x,90,,,,,,,,,,,,,,0.4,,,13,,,170.84      13,,"B,AS,Exo,E",1323-6196
1417-624,PT,14,21,12.9,14:21:12.9,-62,41,54,-62:41:54,313,-1.6,o,,*7,18,,17.2,:,0.7  :-1,.7   0.8,,2,:,244,,,2,-,43,63,,42.12,"17.6       207,508",,"U,M,A,S,C                 OBe",
J1452.8-5949,P,14,52,49.3,14:52:49.3,-59,49,18,-59:49:18,317.6,-0.44,x,50,,,,,,,,,,,,,,0.04,,,522,,,437.4       522,,B,
1538-522,P,15,42,23.3,15:42:23.3,-52,23,10,-52:23:10,327.4,2.1,o,,QV Nor,17,,14.4,,1.9,0.6,,2.1,,"147,324,537",,<,3,-,30,63,,3.73,"529.        114,508",,"U,M,A,H,S                 B0Ia","b                      ,  *12"
1553-542,P,15,57,49.2,15:57:49.2,-54,24,52,-54:24:52,327.9,-0.9,x,3.5,,17,,,,,,,,,,,,27,,,63,,30.6,"9.3       367,508",,S,
1555-552,,15,54,22,15:54:22,-55,19,44,-55:19:44,327,-1.2,o,,HD141926,646,,8.6,,0.56,-0.4,3,,,"193,293",,,1.7,,,781,,,,,H                         B2nn,"e                      ,SAO243098"
1657-415,P,17,0,47.9,17:0:47.9,-41,40,23,-41:40:23,344.4,0.3,x,15,star,21,,,,,,,,,84,,,4,-,42,63,,10.4,"38.        84,205,508",,"OAO,B                     B0-B",6Ia-Iab
1700-377,,17,3,56.7,17:3:56.7,-37,50,39,-37:50:39,347.8,2.2,o,,HD153919,351,,6.6,,0.27,-0.7,2,0.52,,"259,263,547,778",,<,11,-,110,63,,3.41,"67,251,728",,"U,M,S,Gro,C,B             O6.5","f                      ,V884 Sco"
J170006-4157,P,17,0,5.3,17:0:5.3,-41,57,44,-41:57:44,344,0.25,x,60,,,,,,,,,,,,,,0.4,,,691,,,714.5       691,,AS,
1722-363,P,17,25,55,17:25:55,-36,24,42,-36:24:42,351.5,-0.6,x,540,,,,,,,,,,,,,,0.2,-,5,"672,676",,,"413.        508,676",,Exo,
J1739-302,T,17,38,53,17:38:53,-30,15,36,-30:15:36,358.1,0.56,x,180,,,,,,,,,,,,,,136,,(2-25 keV),645,,,,,X,
J1739.5-2942,,17,39,30.1,17:39:30.1,-29,42,7,-29:42:7,358.6,-0.74,x,19.2,,,,,,,,,,,,,,,,,,,,,,"X, C",
J1744.7-2713,,17,44,45.4,17:44:45.4,-27,13,47,-27:13:47,1.3,6  +1.1,x,18,HD161103,,,8.4,,0.44,-0.6,4,,,,,,0.06,,,,,,,,R                         B2V-,IIIe
J1749.2-2725,TP,17,49,10.1,17:49:10.1,-27,25,16,-27:25:16,1.7,0.1,x,60,,,,,,,,,,,,,,1.36,,,690,,,220.38      690,,AS,
J1750-27,P,17,49,12,17:49:12,-26,38,50,-26:38:50,2.4,0.5,x,120,,,,,,,,,,,,,,27,,,777,,29.8,"4.45      176,627",,"C,AS",
1807-10,T,18,10,42,18:10:42,-10,52,0,-10:52:0,18.6,3.9,x,4680,,,,,,,,,,,,,<,2,-,10,215,,,,,U,
J1820.5-1434,P,18,20,29.5,18:20:29.5,-14,34,24,-14:34:24,16.5,0.07,x,30,,,,,,,,,,,,,,1,,,376,,,152.26      376,,AS,
J1826.2-1450,,18,26,14.9,18:26:14.9,-14,50,29,-14:50:29,17.9,-1.29,x,22,LS 5039,500,,11.23,,0.94,-0.1,6,0.8,,500,,,0.3,,,500,,,,,R                         O7V(,(f))
1833-076,PT,18,36,28.9,18:36:28.9,-7,36,21,-7:36:21,24.5,-0.2,x,30,,237,,,,,,,,,,,,1.6,-,200,"388,563,743",,,"111.        392,508",,"A,H",Sct X-1
1839-06,T,18,41,42,18:41:42,-5,51,0,-5:51:0,26.6,-0.5,x,1800,,,,,,,,,,,,,,1,,,388,,,,,G,
1839-04,PT,18,41,48,18:41:48,-4,27,0,-4:27:0,27.9,0.1,x,1440,,,,,,,,,,,,,,2.5,,,388,,,81.1       388,,G,
1843+009,PT,18,45,30,18:45:30,0,57,0,0:57:0,33.1,1.7,x,600,,,,,,,,,,,,,<,0.4,-,33,388,,,29.5       388,,"G,C,X,B",
1845-03,T,18,47,24,18:47:24,-3,9,0,-3:9:0,29.7,-0.5,x,1440,,,,,,,,,,,,,,1,,,388,,,,,G,
1845-024,PT,18,48,17.7,18:48:17.7,-2,25,13,-2:25:13,30.4,-0.4,x,30,,237,,,,,,,,,,,,1,-,44,"63,388",,241,"94.8       792,388",,"A,H,S,G,C,B",
1845.0-0433,T,18,47,41,18:47:41,-4,30,12,-4:30:12,28.8,-1.22,x,60,,111,,13.96,,2.2,1,4,2.45,,111,,,45,,(0.7-10 keV),786,,,,,AS                        O9.5,I
1855-02,PT,18,58,0,18:58:0,-2,44,0,-2:44:0,31.3,-2.7,x,600,,,,,,,,,,,,,,2,,,388,,,,,G,
J1855-026,P,18,55,42,18:55:42,-2,37,0,-2:37:0,31.1,-2.15,x,360,,,,,,,,,,,,,,6,,,460,,6.1,"361.        134,460",,X,
J1858+034,TP,18,58,36,18:58:36,3,21,0,3:21:0,36.7,-0.07,x,150,,,,,,,,,,,,,,25,,,582,,,221.0       670,,X,
1901+03,T,19,4,12,19:4:12,3,10,30,3:10:30,37.2,-1.4,x,600,,,,,,,,,,,,,<,2,-,87,115,,,,,,
J1906+09,P,19,5,20,19:5:20,9,2,30,9:2:30,42.6,1.04,x,120,,,,,,,,,,,,,,0.7,,,457,,,89.17      457,,X,
1907+097,PT,19,9,37.9,19:9:37.9,9,49,49,9:49:49,43.7,0.5,o,,star,625,,16.4,,3.2,,,3.3,,"625,718",,,4,-,275,63,,8.38,"438.        441,508",,"U,M,A,H                   BI",
1909+048,,19,11,49.6,19:11:49.6,4,58,58,4:58:58,39.7,-2.2,"o,r",,SS433,407,,14.2,,2.1,0.6,,2.6,,"450,507,740",,,2,-,10,63,,13.1,145,,"U,A,H,G                   pec",",V1343 Aql"
1936+541,,19,32,52.3,19:32:52.3,53,52,45,53:52:45,85.9,15.9,o,,DM+53 2262,,,9.8,,,,,,,698,,,0.7,,,781,,,,,H                         Be,
J1946+274,TP,19,45,38,19:45:38,27,21,38,27:21:38,63.2,1.38,x,60,,,,,,,,,,,,,<,1,-,25.   (2-60 keV),"666,743",,80,"15.8       80,644",,"A,X,B",1942+274
1947+300,T,19,49,35.6,19:49:35.6,30,12,31,30:12:31,66.1,2.1,o,,*3,238,,14.2,,0.9,-0.3,,1.1,,"234,238",,<,10,-,84,60,,,,,K,
J1948+32,P,19,48,0,19:48:0,32,0,0,32:0:0,64.9,1.8,x,,,,,,,,,,,,,,,27,-,53.   (20-75 keV),85,,35.      -70.,18.7       85,,C,
1954+319,,19,55,43.3,19:55:43.3,32,6,3,32:6:3,68.4,1.9,x,15,,119,,,,,,,,,,,<,1.5,-,80,"119,743",,,,,"U,A",
1956+350,U,19,58,21.7,19:58:21.7,35,12,6,35:12:6,71.3,3.1,"o,r",,HD226868,568,,8.9,,0.84,-0.2,6,1.06,,"116,158,518",,,235,-,1320,63,,5,227,,"U,M,A,H,X,G,C             O9.7","Iab      Cyg X-1       ,V1357 Cyg"
2030+375,PT,20,32,15.3,20:32:15.3,37,38,15,37:38:15,77.2,-1.3,o,2,*2,"107,496",,19.7,,3.3,,,3.8,,"107,496",,<,0.5,-,1400,541,,46,"41.8       508,541,662",,"Exo,C,B,X,AS              B0",
2030+407,,20,32,25.7,20:32:25.7,40,57,28,40:57:28,79.9,0.7,r,,V1521 Cyg,741,,,,,,,6.3,,"493,719,741",,,90,-,430,63,,0.2,543,,"U,M,A,H,CX                Wolf",#NAME?
J2030.5+4751,,20,30,30.6,20:30:30.6,47,51,46,47:51:46,85.2,5.02,x,18,SAO 49725,500,,9.27,,0.38,-0.6,5,,,500,,,0.04,,,500,,,,,R                         B0.5,V-IIIe
J2058+42,TP,20,59,0,20:59:0,41,43,0,41:43:0,83.5,-2.75,x,240,,83,,,,,,,,,,,,320,,,775,,110,198.        775,,"C, X",
J2103.5+4545,P,21,3,33,21:3:33,45,45,0,45:45:0,87.1,0.71,x,150,,,,,,,,,,,,,,20,,,34,,12.68,"358.61      34,301",,"B,X",
2138+568,PT,21,39,34,21:39:34,57,3,36,57:3:36,99,3.3,x,420,star,,,,,,,,,,53a,,<,6,-,100,391,,,"66.2       391,508",,"M,H,G                     B1",Cep X-4 ?
2202+501,,22,1,38.2,22:1:38.2,50,10,4,50:10:4,97.3,-4,o,,DM+49 3718,646,,8.8,,,,,,,698,,,0.7,,,781,,,,,H                         Be,",SAO51568"
2206+543,,22,7,57,22:7:57,54,31,6,54:31:6,100.6,-1.1,o,2,star,654,,9.9,,0.2,-0.6,,0.5,,654,,,0.6,-,5.5,"743,781",,,392.     ?  611,,"U,M,A,H                   B1e",
2214+589,,22,26,33.1,22:26:33.1,61,14,17,61:14:17,106.4,3.1,o,,GG3 71,233,,11,,,,,,,"264,698",,,0.5,,,781,,,,,H                         B[e,
J2239.3+6116,T,22,39,20.9,22:39:20.9,61,16,26.8,61:16:26.8,107.7,2.3,o,0.3,star,327a,,15.1,,1.4,,,1.4,,327a,,,16,,,327a,,262,327a,,"B,A,U,X                   B0V-",B2IIIe
